pays_code,pays_nom,annee,valeur,indicateur,source,updated_at
BEN,Benin,2024,1.16093089640415,Inflation IPC (%),Banque Mondiale,2026-05-06 23:28:36
BEN,Benin,2023,2.73870078406074,Inflation IPC (%),Banque Mondiale,2026-05-06 23:28:36
BEN,Benin,2022,1.35077863583527,Inflation IPC (%),Banque Mondiale,2026-05-06 23:28:36
BEN,Benin,2021,1.73353962694035,Inflation IPC (%),Banque Mondiale,2026-05-06 23:28:36
BEN,Benin,2020,3.02272119663759,Inflation IPC (%),Banque Mondiale,2026-05-06 23:28:36
BEN,Benin,2019,0.732849371241066,Inflation IPC (%),Banque Mondiale,2026-05-06 23:28:36
BFA,Burkina Faso,2024,4.19081721344523,Inflation IPC (%),Banque Mondiale,2026-05-06 23:28:36
BFA,Burkina Faso,2023,0.742910428668917,Inflation IPC (%),Banque Mondiale,2026-05-06 23:28:36
BFA,Burkina Faso,2022,14.2902354303358,Inflation IPC (%),Banque Mondiale,2026-05-06 23:28:36
BFA,Burkina Faso,2021,3.65326761825508,Inflation IPC (%),Banque Mondiale,2026-05-06 23:28:36
BFA,Burkina Faso,2020,1.88470066518847,Inflation IPC (%),Banque Mondiale,2026-05-06 23:28:36
BFA,Burkina Faso,2019,-3.23338933983321,Inflation IPC (%),Banque Mondiale,2026-05-06 23:28:36
CIV,Cote d'Ivoire,2024,3.45053028131018,Inflation IPC (%),Banque Mondiale,2026-05-06 23:28:36
CIV,Cote d'Ivoire,2023,4.36972254867474,Inflation IPC (%),Banque Mondiale,2026-05-06 23:28:36
CIV,Cote d'Ivoire,2022,5.23352856100842,Inflation IPC (%),Banque Mondiale,2026-05-06 23:28:36
CIV,Cote d'Ivoire,2021,4.15919657911797,Inflation IPC (%),Banque Mondiale,2026-05-06 23:28:36
CIV,Cote d'Ivoire,2020,2.41252617189052,Inflation IPC (%),Banque Mondiale,2026-05-06 23:28:36
CIV,Cote d'Ivoire,2019,0.79085551205366,Inflation IPC (%),Banque Mondiale,2026-05-06 23:28:36
GNB,Guinea-Bissau,2024,3.76555825770114,Inflation IPC (%),Banque Mondiale,2026-05-06 23:28:36
GNB,Guinea-Bissau,2023,7.10220928557059,Inflation IPC (%),Banque Mondiale,2026-05-06 23:28:36
GNB,Guinea-Bissau,2022,9.39075933985203,Inflation IPC (%),Banque Mondiale,2026-05-06 23:28:36
GNB,Guinea-Bissau,2021,2.24248879577658,Inflation IPC (%),Banque Mondiale,2026-05-06 23:28:36
GNB,Guinea-Bissau,2020,1.14000939393222,Inflation IPC (%),Banque Mondiale,2026-05-06 23:28:36
GNB,Guinea-Bissau,2019,0.24660026814783,Inflation IPC (%),Banque Mondiale,2026-05-06 23:28:36
MLI,Mali,2024,3.2063986409966,Inflation IPC (%),Banque Mondiale,2026-05-06 23:28:36
MLI,Mali,2023,2.05880228274223,Inflation IPC (%),Banque Mondiale,2026-05-06 23:28:36
MLI,Mali,2022,9.62147608489064,Inflation IPC (%),Banque Mondiale,2026-05-06 23:28:36
MLI,Mali,2021,3.92560283104277,Inflation IPC (%),Banque Mondiale,2026-05-06 23:28:36
MLI,Mali,2020,0.438088940320669,Inflation IPC (%),Banque Mondiale,2026-05-06 23:28:36
MLI,Mali,2019,-1.65826694846365,Inflation IPC (%),Banque Mondiale,2026-05-06 23:28:36
NER,Niger,2024,9.07151997725013,Inflation IPC (%),Banque Mondiale,2026-05-06 23:28:36
NER,Niger,2023,3.70097316425834,Inflation IPC (%),Banque Mondiale,2026-05-06 23:28:36
NER,Niger,2022,4.22621791916392,Inflation IPC (%),Banque Mondiale,2026-05-06 23:28:36
NER,Niger,2021,3.8378680284051,Inflation IPC (%),Banque Mondiale,2026-05-06 23:28:36
NER,Niger,2020,2.8981937602627,Inflation IPC (%),Banque Mondiale,2026-05-06 23:28:36
NER,Niger,2019,-2.48979265070855,Inflation IPC (%),Banque Mondiale,2026-05-06 23:28:36
SEN,Senegal,2024,0.804503298792438,Inflation IPC (%),Banque Mondiale,2026-05-06 23:28:36
SEN,Senegal,2023,5.93947798773215,Inflation IPC (%),Banque Mondiale,2026-05-06 23:28:36
SEN,Senegal,2022,9.69681899081073,Inflation IPC (%),Banque Mondiale,2026-05-06 23:28:36
SEN,Senegal,2021,2.18032278088147,Inflation IPC (%),Banque Mondiale,2026-05-06 23:28:36
SEN,Senegal,2020,2.54314685681662,Inflation IPC (%),Banque Mondiale,2026-05-06 23:28:36
SEN,Senegal,2019,1.76011151192939,Inflation IPC (%),Banque Mondiale,2026-05-06 23:28:36
TGO,Togo,2024,2.86262074089801,Inflation IPC (%),Banque Mondiale,2026-05-06 23:28:36
TGO,Togo,2023,5.48928568141131,Inflation IPC (%),Banque Mondiale,2026-05-06 23:28:36
TGO,Togo,2022,7.96757361617945,Inflation IPC (%),Banque Mondiale,2026-05-06 23:28:36
TGO,Togo,2021,4.1862150652352,Inflation IPC (%),Banque Mondiale,2026-05-06 23:28:36
TGO,Togo,2020,1.69928463299399,Inflation IPC (%),Banque Mondiale,2026-05-06 23:28:36
TGO,Togo,2019,0.674652770077525,Inflation IPC (%),Banque Mondiale,2026-05-06 23:28:36
BEN,Benin,2024,7.45311566226201,Croissance PIB (%),Banque Mondiale,2026-05-06 23:28:36
BEN,Benin,2023,6.3527773854442,Croissance PIB (%),Banque Mondiale,2026-05-06 23:28:36
BEN,Benin,2022,6.25294705373625,Croissance PIB (%),Banque Mondiale,2026-05-06 23:28:36
BEN,Benin,2021,7.1554516457574,Croissance PIB (%),Banque Mondiale,2026-05-06 23:28:36
BEN,Benin,2020,3.84879240030133,Croissance PIB (%),Banque Mondiale,2026-05-06 23:28:36
BEN,Benin,2019,6.86568662848335,Croissance PIB (%),Banque Mondiale,2026-05-06 23:28:36
BFA,Burkina Faso,2024,4.79980951667159,Croissance PIB (%),Banque Mondiale,2026-05-06 23:28:36
BFA,Burkina Faso,2023,3.00027415814125,Croissance PIB (%),Banque Mondiale,2026-05-06 23:28:36
BFA,Burkina Faso,2022,1.62673258211919,Croissance PIB (%),Banque Mondiale,2026-05-06 23:28:36
BFA,Burkina Faso,2021,6.94252492572348,Croissance PIB (%),Banque Mondiale,2026-05-06 23:28:36
BFA,Burkina Faso,2020,2.01077262406221,Croissance PIB (%),Banque Mondiale,2026-05-06 23:28:36
BFA,Burkina Faso,2019,5.88920497068135,Croissance PIB (%),Banque Mondiale,2026-05-06 23:28:36
CIV,Cote d'Ivoire,2024,6.01953461940062,Croissance PIB (%),Banque Mondiale,2026-05-06 23:28:36
CIV,Cote d'Ivoire,2023,6.60000045223954,Croissance PIB (%),Banque Mondiale,2026-05-06 23:28:36
CIV,Cote d'Ivoire,2022,6.39988362720531,Croissance PIB (%),Banque Mondiale,2026-05-06 23:28:36
CIV,Cote d'Ivoire,2021,7.06332910205232,Croissance PIB (%),Banque Mondiale,2026-05-06 23:28:36
CIV,Cote d'Ivoire,2020,0.699728593494228,Croissance PIB (%),Banque Mondiale,2026-05-06 23:28:36
CIV,Cote d'Ivoire,2019,6.72137167584978,Croissance PIB (%),Banque Mondiale,2026-05-06 23:28:36
GNB,Guinea-Bissau,2024,4.14631137217332,Croissance PIB (%),Banque Mondiale,2026-05-06 23:28:36
GNB,Guinea-Bissau,2023,5.82749502627256,Croissance PIB (%),Banque Mondiale,2026-05-06 23:28:36
GNB,Guinea-Bissau,2022,5.52987253058352,Croissance PIB (%),Banque Mondiale,2026-05-06 23:28:36
GNB,Guinea-Bissau,2021,5.05055831244401,Croissance PIB (%),Banque Mondiale,2026-05-06 23:28:36
GNB,Guinea-Bissau,2020,2.89139814952995,Croissance PIB (%),Banque Mondiale,2026-05-06 23:28:36
GNB,Guinea-Bissau,2019,5.32749571119344,Croissance PIB (%),Banque Mondiale,2026-05-06 23:28:36
MLI,Mali,2024,4.99226917482922,Croissance PIB (%),Banque Mondiale,2026-05-06 23:28:36
MLI,Mali,2023,4.72541109080376,Croissance PIB (%),Banque Mondiale,2026-05-06 23:28:36
MLI,Mali,2022,3.70319027595568,Croissance PIB (%),Banque Mondiale,2026-05-06 23:28:36
MLI,Mali,2021,3.10094124444834,Croissance PIB (%),Banque Mondiale,2026-05-06 23:28:36
MLI,Mali,2020,-1.16910834828603,Croissance PIB (%),Banque Mondiale,2026-05-06 23:28:36
MLI,Mali,2019,4.99999911608818,Croissance PIB (%),Banque Mondiale,2026-05-06 23:28:36
NER,Niger,2024,10.3000000007793,Croissance PIB (%),Banque Mondiale,2026-05-06 23:28:36
NER,Niger,2023,1.66763406484279,Croissance PIB (%),Banque Mondiale,2026-05-06 23:28:36
NER,Niger,2022,11.9000000000277,Croissance PIB (%),Banque Mondiale,2026-05-06 23:28:36
NER,Niger,2021,1.38359636198477,Croissance PIB (%),Banque Mondiale,2026-05-06 23:28:36
NER,Niger,2020,3.55064109436891,Croissance PIB (%),Banque Mondiale,2026-05-06 23:28:36
NER,Niger,2019,5.93985257123522,Croissance PIB (%),Banque Mondiale,2026-05-06 23:28:36
SEN,Senegal,2024,6.06055141198976,Croissance PIB (%),Banque Mondiale,2026-05-06 23:28:36
SEN,Senegal,2023,4.2574308328029,Croissance PIB (%),Banque Mondiale,2026-05-06 23:28:36
SEN,Senegal,2022,3.85043193735768,Croissance PIB (%),Banque Mondiale,2026-05-06 23:28:36
SEN,Senegal,2021,6.54400109964304,Croissance PIB (%),Banque Mondiale,2026-05-06 23:28:36
SEN,Senegal,2020,1.3420737726679,Croissance PIB (%),Banque Mondiale,2026-05-06 23:28:36
SEN,Senegal,2019,4.61362809749708,Croissance PIB (%),Banque Mondiale,2026-05-06 23:28:36
TGO,Togo,2024,6.53204505563791,Croissance PIB (%),Banque Mondiale,2026-05-06 23:28:36
TGO,Togo,2023,6.19211576941919,Croissance PIB (%),Banque Mondiale,2026-05-06 23:28:36
TGO,Togo,2022,6.29443692019429,Croissance PIB (%),Banque Mondiale,2026-05-06 23:28:36
TGO,Togo,2021,5.12890113701732,Croissance PIB (%),Banque Mondiale,2026-05-06 23:28:36
TGO,Togo,2020,2.16228657424364,Croissance PIB (%),Banque Mondiale,2026-05-06 23:28:36
TGO,Togo,2019,4.92283321360694,Croissance PIB (%),Banque Mondiale,2026-05-06 23:28:36
BFA,Burkina Faso,2023,61.9320439111455,Dette publique / PIB (%),Banque Mondiale,2026-05-06 23:28:36
BFA,Burkina Faso,2022,63.1897248087734,Dette publique / PIB (%),Banque Mondiale,2026-05-06 23:28:36
BFA,Burkina Faso,2021,55.5822235545459,Dette publique / PIB (%),Banque Mondiale,2026-05-06 23:28:36
BFA,Burkina Faso,2020,73.3851925518101,Dette publique / PIB (%),Banque Mondiale,2026-05-06 23:28:36
BFA,Burkina Faso,2019,47.0623633717549,Dette publique / PIB (%),Banque Mondiale,2026-05-06 23:28:36
BFA,Burkina Faso,2018,45.5738610534927,Dette publique / PIB (%),Banque Mondiale,2026-05-06 23:28:36
BEN,Benin,2023,-8.17628006592928,Balance courante / PIB (%),Banque Mondiale,2026-05-06 23:28:36
BEN,Benin,2022,-5.68712530548323,Balance courante / PIB (%),Banque Mondiale,2026-05-06 23:28:36
BEN,Benin,2021,-4.15352071063382,Balance courante / PIB (%),Banque Mondiale,2026-05-06 23:28:36
BEN,Benin,2020,-1.74648575797682,Balance courante / PIB (%),Banque Mondiale,2026-05-06 23:28:36
BEN,Benin,2019,-3.99948140400368,Balance courante / PIB (%),Banque Mondiale,2026-05-06 23:28:36
BFA,Burkina Faso,2023,-5.05747162530599,Balance courante / PIB (%),Banque Mondiale,2026-05-06 23:28:36
BFA,Burkina Faso,2022,-7.5391211537643,Balance courante / PIB (%),Banque Mondiale,2026-05-06 23:28:36
BFA,Burkina Faso,2021,0.392208859644244,Balance courante / PIB (%),Banque Mondiale,2026-05-06 23:28:36
BFA,Burkina Faso,2020,4.1931251239965,Balance courante / PIB (%),Banque Mondiale,2026-05-06 23:28:36
BFA,Burkina Faso,2019,-3.26728197882863,Balance courante / PIB (%),Banque Mondiale,2026-05-06 23:28:36
CIV,Cote d'Ivoire,2024,-4.46811097764034,Balance courante / PIB (%),Banque Mondiale,2026-05-06 23:28:36
CIV,Cote d'Ivoire,2023,-8.05003680066955,Balance courante / PIB (%),Banque Mondiale,2026-05-06 23:28:36
CIV,Cote d'Ivoire,2022,-7.60520680486661,Balance courante / PIB (%),Banque Mondiale,2026-05-06 23:28:36
CIV,Cote d'Ivoire,2021,-3.94825311453383,Balance courante / PIB (%),Banque Mondiale,2026-05-06 23:28:36
CIV,Cote d'Ivoire,2020,-3.13243536755175,Balance courante / PIB (%),Banque Mondiale,2026-05-06 23:28:36
CIV,Cote d'Ivoire,2019,-2.23379059024848,Balance courante / PIB (%),Banque Mondiale,2026-05-06 23:28:36
GNB,Guinea-Bissau,2024,-7.29050662761738,Balance courante / PIB (%),Banque Mondiale,2026-05-06 23:28:36
GNB,Guinea-Bissau,2023,-7.52781936859698,Balance courante / PIB (%),Banque Mondiale,2026-05-06 23:28:36
GNB,Guinea-Bissau,2022,-7.8855460445174,Balance courante / PIB (%),Banque Mondiale,2026-05-06 23:28:36
GNB,Guinea-Bissau,2021,-0.740414184193309,Balance courante / PIB (%),Banque Mondiale,2026-05-06 23:28:36
GNB,Guinea-Bissau,2020,-2.26873597138549,Balance courante / PIB (%),Banque Mondiale,2026-05-06 23:28:36
GNB,Guinea-Bissau,2019,-7.98194454455476,Balance courante / PIB (%),Banque Mondiale,2026-05-06 23:28:36
MLI,Mali,2024,-4.32433474076126,Balance courante / PIB (%),Banque Mondiale,2026-05-06 23:28:36
MLI,Mali,2023,-6.48963461165968,Balance courante / PIB (%),Banque Mondiale,2026-05-06 23:28:36
MLI,Mali,2022,-6.54582121437751,Balance courante / PIB (%),Banque Mondiale,2026-05-06 23:28:36
MLI,Mali,2021,-6.3850831125797,Balance courante / PIB (%),Banque Mondiale,2026-05-06 23:28:36
MLI,Mali,2020,-1.83434524248166,Balance courante / PIB (%),Banque Mondiale,2026-05-06 23:28:36
MLI,Mali,2019,-6.29353963446866,Balance courante / PIB (%),Banque Mondiale,2026-05-06 23:28:36
NER,Niger,2024,-6.04461946595567,Balance courante / PIB (%),Banque Mondiale,2026-05-06 23:28:36
NER,Niger,2023,-13.969604179294,Balance courante / PIB (%),Banque Mondiale,2026-05-06 23:28:36
NER,Niger,2022,-16.1987356727326,Balance courante / PIB (%),Banque Mondiale,2026-05-06 23:28:36
NER,Niger,2021,-14.0736964853201,Balance courante / PIB (%),Banque Mondiale,2026-05-06 23:28:36
NER,Niger,2020,-13.2104717583835,Balance courante / PIB (%),Banque Mondiale,2026-05-06 23:28:36
NER,Niger,2019,-12.1993364507939,Balance courante / PIB (%),Banque Mondiale,2026-05-06 23:28:36
SEN,Senegal,2023,-19.7803402658787,Balance courante / PIB (%),Banque Mondiale,2026-05-06 23:28:36
SEN,Senegal,2022,-19.9485520410487,Balance courante / PIB (%),Banque Mondiale,2026-05-06 23:28:36
SEN,Senegal,2021,-12.0900482268387,Balance courante / PIB (%),Banque Mondiale,2026-05-06 23:28:36
SEN,Senegal,2020,-10.8532305243561,Balance courante / PIB (%),Banque Mondiale,2026-05-06 23:28:36
SEN,Senegal,2019,-8.10949609772061,Balance courante / PIB (%),Banque Mondiale,2026-05-06 23:28:36
TGO,Togo,2020,-0.277018884474411,Balance courante / PIB (%),Banque Mondiale,2026-05-06 23:28:36
TGO,Togo,2019,-0.79288311411585,Balance courante / PIB (%),Banque Mondiale,2026-05-06 23:28:36
BEN,Benin,2024,21482643706.4249,PIB nominal (USD),Banque Mondiale,2026-05-06 23:28:36
BEN,Benin,2023,19673291004.1444,PIB nominal (USD),Banque Mondiale,2026-05-06 23:28:36
BEN,Benin,2022,17425405090.862,PIB nominal (USD),Banque Mondiale,2026-05-06 23:28:36
BEN,Benin,2021,17687623530.3355,PIB nominal (USD),Banque Mondiale,2026-05-06 23:28:36
BEN,Benin,2020,15686741883.934,PIB nominal (USD),Banque Mondiale,2026-05-06 23:28:36
BEN,Benin,2019,14391686313.4641,PIB nominal (USD),Banque Mondiale,2026-05-06 23:28:36
BFA,Burkina Faso,2024,23124729853.0218,PIB nominal (USD),Banque Mondiale,2026-05-06 23:28:36
BFA,Burkina Faso,2023,20112614449.2039,PIB nominal (USD),Banque Mondiale,2026-05-06 23:28:36
BFA,Burkina Faso,2022,18622421394.6133,PIB nominal (USD),Banque Mondiale,2026-05-06 23:28:36
BFA,Burkina Faso,2021,19697516284.3787,PIB nominal (USD),Banque Mondiale,2026-05-06 23:28:36
BFA,Burkina Faso,2020,17725010532.5268,PIB nominal (USD),Banque Mondiale,2026-05-06 23:28:36
BFA,Burkina Faso,2019,16032813503.3707,PIB nominal (USD),Banque Mondiale,2026-05-06 23:28:36
CIV,Cote d'Ivoire,2024,87113179149.284,PIB nominal (USD),Banque Mondiale,2026-05-06 23:28:36
CIV,Cote d'Ivoire,2023,80780312569.1646,PIB nominal (USD),Banque Mondiale,2026-05-06 23:28:36
CIV,Cote d'Ivoire,2022,70922824813.9102,PIB nominal (USD),Banque Mondiale,2026-05-06 23:28:36
CIV,Cote d'Ivoire,2021,72794636653.7793,PIB nominal (USD),Banque Mondiale,2026-05-06 23:28:36
CIV,Cote d'Ivoire,2020,63027852805.4204,PIB nominal (USD),Banque Mondiale,2026-05-06 23:28:36
CIV,Cote d'Ivoire,2019,60382894697.3557,PIB nominal (USD),Banque Mondiale,2026-05-06 23:28:36
GNB,Guinea-Bissau,2024,2218393804.54798,PIB nominal (USD),Banque Mondiale,2026-05-06 23:28:36
GNB,Guinea-Bissau,2023,2127688181.12014,PIB nominal (USD),Banque Mondiale,2026-05-06 23:28:36
GNB,Guinea-Bissau,2022,1859601384.05928,PIB nominal (USD),Banque Mondiale,2026-05-06 23:28:36
GNB,Guinea-Bissau,2021,1908094558.33981,PIB nominal (USD),Banque Mondiale,2026-05-06 23:28:36
GNB,Guinea-Bissau,2020,1705057581.09946,PIB nominal (USD),Banque Mondiale,2026-05-06 23:28:36
GNB,Guinea-Bissau,2019,1596227316.34846,PIB nominal (USD),Banque Mondiale,2026-05-06 23:28:36
MLI,Mali,2024,26794747239.8805,PIB nominal (USD),Banque Mondiale,2026-05-06 23:28:36
MLI,Mali,2023,24813860598.5307,PIB nominal (USD),Banque Mondiale,2026-05-06 23:28:36
MLI,Mali,2022,22539987718.7642,PIB nominal (USD),Banque Mondiale,2026-05-06 23:28:36
MLI,Mali,2021,22999245262.6719,PIB nominal (USD),Banque Mondiale,2026-05-06 23:28:36
MLI,Mali,2020,20698560938.7775,PIB nominal (USD),Banque Mondiale,2026-05-06 23:28:36
MLI,Mali,2019,20477421884.5414,PIB nominal (USD),Banque Mondiale,2026-05-06 23:28:36
NER,Niger,2024,19876128485.7857,PIB nominal (USD),Banque Mondiale,2026-05-06 23:28:36
NER,Niger,2023,16698786977.59,PIB nominal (USD),Banque Mondiale,2026-05-06 23:28:36
NER,Niger,2022,15433852712.2963,PIB nominal (USD),Banque Mondiale,2026-05-06 23:28:36
NER,Niger,2021,14915002436.069,PIB nominal (USD),Banque Mondiale,2026-05-06 23:28:36
NER,Niger,2020,13744653103.058,PIB nominal (USD),Banque Mondiale,2026-05-06 23:28:36
NER,Niger,2019,12889555561.2299,PIB nominal (USD),Banque Mondiale,2026-05-06 23:28:36
SEN,Senegal,2024,32808056600.9436,PIB nominal (USD),Banque Mondiale,2026-05-06 23:28:36
SEN,Senegal,2023,30696331295.7826,PIB nominal (USD),Banque Mondiale,2026-05-06 23:28:36
SEN,Senegal,2022,27783332222.6759,PIB nominal (USD),Banque Mondiale,2026-05-06 23:28:36
SEN,Senegal,2021,27520784129.7508,PIB nominal (USD),Banque Mondiale,2026-05-06 23:28:36
SEN,Senegal,2020,24530513037.7518,PIB nominal (USD),Banque Mondiale,2026-05-06 23:28:36
SEN,Senegal,2019,23403995992.1354,PIB nominal (USD),Banque Mondiale,2026-05-06 23:28:36
TGO,Togo,2024,10651180146.531,PIB nominal (USD),Banque Mondiale,2026-05-06 23:28:36
TGO,Togo,2023,9816236302.58515,PIB nominal (USD),Banque Mondiale,2026-05-06 23:28:36
TGO,Togo,2022,8646453099.4124,PIB nominal (USD),Banque Mondiale,2026-05-06 23:28:36
TGO,Togo,2021,8541668141.26198,PIB nominal (USD),Banque Mondiale,2026-05-06 23:28:36
TGO,Togo,2020,7486031561.86885,PIB nominal (USD),Banque Mondiale,2026-05-06 23:28:36
TGO,Togo,2019,6992654019.28876,PIB nominal (USD),Banque Mondiale,2026-05-06 23:28:36
BEN,Benin,2024,1.16093089640415,FP.CPI.TOTL.ZG,Banque Mondiale,2026-05-06 23:28:36
BEN,Benin,2023,2.73870078406074,FP.CPI.TOTL.ZG,Banque Mondiale,2026-05-06 23:28:36
BEN,Benin,2022,1.35077863583527,FP.CPI.TOTL.ZG,Banque Mondiale,2026-05-06 23:28:36
BEN,Benin,2021,1.73353962694035,FP.CPI.TOTL.ZG,Banque Mondiale,2026-05-06 23:28:36
BEN,Benin,2020,3.02272119663759,FP.CPI.TOTL.ZG,Banque Mondiale,2026-05-06 23:28:36
BEN,Benin,2019,0.732849371241066,FP.CPI.TOTL.ZG,Banque Mondiale,2026-05-06 23:28:36
BFA,Burkina Faso,2024,4.19081721344523,FP.CPI.TOTL.ZG,Banque Mondiale,2026-05-06 23:28:36
BFA,Burkina Faso,2023,0.742910428668917,FP.CPI.TOTL.ZG,Banque Mondiale,2026-05-06 23:28:36
BFA,Burkina Faso,2022,14.2902354303358,FP.CPI.TOTL.ZG,Banque Mondiale,2026-05-06 23:28:36
BFA,Burkina Faso,2021,3.65326761825508,FP.CPI.TOTL.ZG,Banque Mondiale,2026-05-06 23:28:36
BFA,Burkina Faso,2020,1.88470066518847,FP.CPI.TOTL.ZG,Banque Mondiale,2026-05-06 23:28:36
BFA,Burkina Faso,2019,-3.23338933983321,FP.CPI.TOTL.ZG,Banque Mondiale,2026-05-06 23:28:36
CIV,Cote d'Ivoire,2024,3.45053028131018,FP.CPI.TOTL.ZG,Banque Mondiale,2026-05-06 23:28:36
CIV,Cote d'Ivoire,2023,4.36972254867474,FP.CPI.TOTL.ZG,Banque Mondiale,2026-05-06 23:28:36
CIV,Cote d'Ivoire,2022,5.23352856100842,FP.CPI.TOTL.ZG,Banque Mondiale,2026-05-06 23:28:36
CIV,Cote d'Ivoire,2021,4.15919657911797,FP.CPI.TOTL.ZG,Banque Mondiale,2026-05-06 23:28:36
CIV,Cote d'Ivoire,2020,2.41252617189052,FP.CPI.TOTL.ZG,Banque Mondiale,2026-05-06 23:28:36
CIV,Cote d'Ivoire,2019,0.79085551205366,FP.CPI.TOTL.ZG,Banque Mondiale,2026-05-06 23:28:36
GNB,Guinea-Bissau,2024,3.76555825770114,FP.CPI.TOTL.ZG,Banque Mondiale,2026-05-06 23:28:36
GNB,Guinea-Bissau,2023,7.10220928557059,FP.CPI.TOTL.ZG,Banque Mondiale,2026-05-06 23:28:36
GNB,Guinea-Bissau,2022,9.39075933985203,FP.CPI.TOTL.ZG,Banque Mondiale,2026-05-06 23:28:36
GNB,Guinea-Bissau,2021,2.24248879577658,FP.CPI.TOTL.ZG,Banque Mondiale,2026-05-06 23:28:36
GNB,Guinea-Bissau,2020,1.14000939393222,FP.CPI.TOTL.ZG,Banque Mondiale,2026-05-06 23:28:36
GNB,Guinea-Bissau,2019,0.24660026814783,FP.CPI.TOTL.ZG,Banque Mondiale,2026-05-06 23:28:36
MLI,Mali,2024,3.2063986409966,FP.CPI.TOTL.ZG,Banque Mondiale,2026-05-06 23:28:36
MLI,Mali,2023,2.05880228274223,FP.CPI.TOTL.ZG,Banque Mondiale,2026-05-06 23:28:36
MLI,Mali,2022,9.62147608489064,FP.CPI.TOTL.ZG,Banque Mondiale,2026-05-06 23:28:36
MLI,Mali,2021,3.92560283104277,FP.CPI.TOTL.ZG,Banque Mondiale,2026-05-06 23:28:36
MLI,Mali,2020,0.438088940320669,FP.CPI.TOTL.ZG,Banque Mondiale,2026-05-06 23:28:36
MLI,Mali,2019,-1.65826694846365,FP.CPI.TOTL.ZG,Banque Mondiale,2026-05-06 23:28:36
NER,Niger,2024,9.07151997725013,FP.CPI.TOTL.ZG,Banque Mondiale,2026-05-06 23:28:36
NER,Niger,2023,3.70097316425834,FP.CPI.TOTL.ZG,Banque Mondiale,2026-05-06 23:28:36
NER,Niger,2022,4.22621791916392,FP.CPI.TOTL.ZG,Banque Mondiale,2026-05-06 23:28:36
NER,Niger,2021,3.8378680284051,FP.CPI.TOTL.ZG,Banque Mondiale,2026-05-06 23:28:36
NER,Niger,2020,2.8981937602627,FP.CPI.TOTL.ZG,Banque Mondiale,2026-05-06 23:28:36
NER,Niger,2019,-2.48979265070855,FP.CPI.TOTL.ZG,Banque Mondiale,2026-05-06 23:28:36
SEN,Senegal,2024,0.804503298792438,FP.CPI.TOTL.ZG,Banque Mondiale,2026-05-06 23:28:36
SEN,Senegal,2023,5.93947798773215,FP.CPI.TOTL.ZG,Banque Mondiale,2026-05-06 23:28:36
SEN,Senegal,2022,9.69681899081073,FP.CPI.TOTL.ZG,Banque Mondiale,2026-05-06 23:28:36
SEN,Senegal,2021,2.18032278088147,FP.CPI.TOTL.ZG,Banque Mondiale,2026-05-06 23:28:36
SEN,Senegal,2020,2.54314685681662,FP.CPI.TOTL.ZG,Banque Mondiale,2026-05-06 23:28:36
SEN,Senegal,2019,1.76011151192939,FP.CPI.TOTL.ZG,Banque Mondiale,2026-05-06 23:28:36
TGO,Togo,2024,2.86262074089801,FP.CPI.TOTL.ZG,Banque Mondiale,2026-05-06 23:28:36
TGO,Togo,2023,5.48928568141131,FP.CPI.TOTL.ZG,Banque Mondiale,2026-05-06 23:28:36
TGO,Togo,2022,7.96757361617945,FP.CPI.TOTL.ZG,Banque Mondiale,2026-05-06 23:28:36
TGO,Togo,2021,4.1862150652352,FP.CPI.TOTL.ZG,Banque Mondiale,2026-05-06 23:28:36
TGO,Togo,2020,1.69928463299399,FP.CPI.TOTL.ZG,Banque Mondiale,2026-05-06 23:28:36
TGO,Togo,2019,0.674652770077525,FP.CPI.TOTL.ZG,Banque Mondiale,2026-05-06 23:28:36
BEN,Benin,2024,7.45311566226201,NY.GDP.MKTP.KD.ZG,Banque Mondiale,2026-05-06 23:28:36
BEN,Benin,2023,6.3527773854442,NY.GDP.MKTP.KD.ZG,Banque Mondiale,2026-05-06 23:28:36
BEN,Benin,2022,6.25294705373625,NY.GDP.MKTP.KD.ZG,Banque Mondiale,2026-05-06 23:28:36
BEN,Benin,2021,7.1554516457574,NY.GDP.MKTP.KD.ZG,Banque Mondiale,2026-05-06 23:28:36
BEN,Benin,2020,3.84879240030133,NY.GDP.MKTP.KD.ZG,Banque Mondiale,2026-05-06 23:28:36
BEN,Benin,2019,6.86568662848335,NY.GDP.MKTP.KD.ZG,Banque Mondiale,2026-05-06 23:28:36
BFA,Burkina Faso,2024,4.79980951667159,NY.GDP.MKTP.KD.ZG,Banque Mondiale,2026-05-06 23:28:36
BFA,Burkina Faso,2023,3.00027415814125,NY.GDP.MKTP.KD.ZG,Banque Mondiale,2026-05-06 23:28:36
BFA,Burkina Faso,2022,1.62673258211919,NY.GDP.MKTP.KD.ZG,Banque Mondiale,2026-05-06 23:28:36
BFA,Burkina Faso,2021,6.94252492572348,NY.GDP.MKTP.KD.ZG,Banque Mondiale,2026-05-06 23:28:36
BFA,Burkina Faso,2020,2.01077262406221,NY.GDP.MKTP.KD.ZG,Banque Mondiale,2026-05-06 23:28:36
BFA,Burkina Faso,2019,5.88920497068135,NY.GDP.MKTP.KD.ZG,Banque Mondiale,2026-05-06 23:28:36
CIV,Cote d'Ivoire,2024,6.01953461940062,NY.GDP.MKTP.KD.ZG,Banque Mondiale,2026-05-06 23:28:36
CIV,Cote d'Ivoire,2023,6.60000045223954,NY.GDP.MKTP.KD.ZG,Banque Mondiale,2026-05-06 23:28:36
CIV,Cote d'Ivoire,2022,6.39988362720531,NY.GDP.MKTP.KD.ZG,Banque Mondiale,2026-05-06 23:28:36
CIV,Cote d'Ivoire,2021,7.06332910205232,NY.GDP.MKTP.KD.ZG,Banque Mondiale,2026-05-06 23:28:36
CIV,Cote d'Ivoire,2020,0.699728593494228,NY.GDP.MKTP.KD.ZG,Banque Mondiale,2026-05-06 23:28:36
CIV,Cote d'Ivoire,2019,6.72137167584978,NY.GDP.MKTP.KD.ZG,Banque Mondiale,2026-05-06 23:28:36
GNB,Guinea-Bissau,2024,4.14631137217332,NY.GDP.MKTP.KD.ZG,Banque Mondiale,2026-05-06 23:28:36
GNB,Guinea-Bissau,2023,5.82749502627256,NY.GDP.MKTP.KD.ZG,Banque Mondiale,2026-05-06 23:28:36
GNB,Guinea-Bissau,2022,5.52987253058352,NY.GDP.MKTP.KD.ZG,Banque Mondiale,2026-05-06 23:28:36
GNB,Guinea-Bissau,2021,5.05055831244401,NY.GDP.MKTP.KD.ZG,Banque Mondiale,2026-05-06 23:28:36
GNB,Guinea-Bissau,2020,2.89139814952995,NY.GDP.MKTP.KD.ZG,Banque Mondiale,2026-05-06 23:28:36
GNB,Guinea-Bissau,2019,5.32749571119344,NY.GDP.MKTP.KD.ZG,Banque Mondiale,2026-05-06 23:28:36
MLI,Mali,2024,4.99226917482922,NY.GDP.MKTP.KD.ZG,Banque Mondiale,2026-05-06 23:28:36
MLI,Mali,2023,4.72541109080376,NY.GDP.MKTP.KD.ZG,Banque Mondiale,2026-05-06 23:28:36
MLI,Mali,2022,3.70319027595568,NY.GDP.MKTP.KD.ZG,Banque Mondiale,2026-05-06 23:28:36
MLI,Mali,2021,3.10094124444834,NY.GDP.MKTP.KD.ZG,Banque Mondiale,2026-05-06 23:28:36
MLI,Mali,2020,-1.16910834828603,NY.GDP.MKTP.KD.ZG,Banque Mondiale,2026-05-06 23:28:36
MLI,Mali,2019,4.99999911608818,NY.GDP.MKTP.KD.ZG,Banque Mondiale,2026-05-06 23:28:36
NER,Niger,2024,10.3000000007793,NY.GDP.MKTP.KD.ZG,Banque Mondiale,2026-05-06 23:28:36
NER,Niger,2023,1.66763406484279,NY.GDP.MKTP.KD.ZG,Banque Mondiale,2026-05-06 23:28:36
NER,Niger,2022,11.9000000000277,NY.GDP.MKTP.KD.ZG,Banque Mondiale,2026-05-06 23:28:36
NER,Niger,2021,1.38359636198477,NY.GDP.MKTP.KD.ZG,Banque Mondiale,2026-05-06 23:28:36
NER,Niger,2020,3.55064109436891,NY.GDP.MKTP.KD.ZG,Banque Mondiale,2026-05-06 23:28:36
NER,Niger,2019,5.93985257123522,NY.GDP.MKTP.KD.ZG,Banque Mondiale,2026-05-06 23:28:36
SEN,Senegal,2024,6.06055141198976,NY.GDP.MKTP.KD.ZG,Banque Mondiale,2026-05-06 23:28:36
SEN,Senegal,2023,4.2574308328029,NY.GDP.MKTP.KD.ZG,Banque Mondiale,2026-05-06 23:28:36
SEN,Senegal,2022,3.85043193735768,NY.GDP.MKTP.KD.ZG,Banque Mondiale,2026-05-06 23:28:36
SEN,Senegal,2021,6.54400109964304,NY.GDP.MKTP.KD.ZG,Banque Mondiale,2026-05-06 23:28:36
SEN,Senegal,2020,1.3420737726679,NY.GDP.MKTP.KD.ZG,Banque Mondiale,2026-05-06 23:28:36
SEN,Senegal,2019,4.61362809749708,NY.GDP.MKTP.KD.ZG,Banque Mondiale,2026-05-06 23:28:36
TGO,Togo,2024,6.53204505563791,NY.GDP.MKTP.KD.ZG,Banque Mondiale,2026-05-06 23:28:36
TGO,Togo,2023,6.19211576941919,NY.GDP.MKTP.KD.ZG,Banque Mondiale,2026-05-06 23:28:36
TGO,Togo,2022,6.29443692019429,NY.GDP.MKTP.KD.ZG,Banque Mondiale,2026-05-06 23:28:36
TGO,Togo,2021,5.12890113701732,NY.GDP.MKTP.KD.ZG,Banque Mondiale,2026-05-06 23:28:36
TGO,Togo,2020,2.16228657424364,NY.GDP.MKTP.KD.ZG,Banque Mondiale,2026-05-06 23:28:36
TGO,Togo,2019,4.92283321360694,NY.GDP.MKTP.KD.ZG,Banque Mondiale,2026-05-06 23:28:36
